-- ============================================================
-- DEMO DATA — paste into Supabase SQL Editor and run
-- ============================================================

-- 1. Add missing columns
ALTER TABLE public.clinics
  ADD COLUMN IF NOT EXISTS whatsapp_number TEXT,
  ADD COLUMN IF NOT EXISTS system_type     TEXT DEFAULT 'general',
  ADD COLUMN IF NOT EXISTS clinic_slug     TEXT UNIQUE;

ALTER TABLE public.doctors
  ADD COLUMN IF NOT EXISTS working_hours TEXT;

ALTER TABLE public.users
  ADD COLUMN IF NOT EXISTS doctor_id UUID REFERENCES public.doctors(id);

-- 2. Clinics
INSERT INTO public.clinics (id, clinic_name, whatsapp_number, system_type, status, clinic_slug) VALUES
  ('c0000000-0000-0000-0000-000000000001', 'Bright Smile Dental',  '201001111111', 'dental',      'active', 'bright-smile'),
  ('c0000000-0000-0000-0000-000000000002', 'Dr. Sara Skin Clinic', '201002222222', 'dermatology', 'active', 'dr-sara-skin'),
  ('c0000000-0000-0000-0000-000000000003', 'Heliopolis Dental',    '201003333333', 'dental',      'paused', 'heliopolis-dental')
ON CONFLICT (id) DO NOTHING;

-- 3. Doctors
INSERT INTO public.doctors (id, clinic_id, doctor_name, specialization, status, working_hours) VALUES
  ('d0000000-0000-0000-0000-000000000001', 'c0000000-0000-0000-0000-000000000001', 'Dr. Ahmed Hassan',  'Dentistry',    'active', 'Sun–Thu 09:00–17:00'),
  ('d0000000-0000-0000-0000-000000000002', 'c0000000-0000-0000-0000-000000000001', 'Dr. Nour Ibrahim',  'Orthodontics', 'active', 'Mon–Fri 10:00–18:00'),
  ('d0000000-0000-0000-0000-000000000003', 'c0000000-0000-0000-0000-000000000002', 'Dr. Sara Khalil',   'Dermatology',  'active', 'Sun–Thu 09:00–16:00'),
  ('d0000000-0000-0000-0000-000000000004', 'c0000000-0000-0000-0000-000000000003', 'Dr. Karim Mansour', 'Dentistry',    'active', 'Sat–Thu 08:00–15:00')
ON CONFLICT (id) DO NOTHING;

-- 4. Services (5 per clinic)
INSERT INTO public.services (id, clinic_id, service_name) VALUES
  ('s0000000-0000-0000-0000-000000000001', 'c0000000-0000-0000-0000-000000000001', 'Checkup'),
  ('s0000000-0000-0000-0000-000000000002', 'c0000000-0000-0000-0000-000000000001', 'Cleaning'),
  ('s0000000-0000-0000-0000-000000000003', 'c0000000-0000-0000-0000-000000000001', 'Whitening'),
  ('s0000000-0000-0000-0000-000000000004', 'c0000000-0000-0000-0000-000000000001', 'Extraction'),
  ('s0000000-0000-0000-0000-000000000005', 'c0000000-0000-0000-0000-000000000001', 'Consultation'),
  ('s0000000-0000-0000-0000-000000000006', 'c0000000-0000-0000-0000-000000000002', 'Checkup'),
  ('s0000000-0000-0000-0000-000000000007', 'c0000000-0000-0000-0000-000000000002', 'Cleaning'),
  ('s0000000-0000-0000-0000-000000000008', 'c0000000-0000-0000-0000-000000000002', 'Whitening'),
  ('s0000000-0000-0000-0000-000000000009', 'c0000000-0000-0000-0000-000000000002', 'Extraction'),
  ('s0000000-0000-0000-0000-000000000010', 'c0000000-0000-0000-0000-000000000002', 'Consultation'),
  ('s0000000-0000-0000-0000-000000000011', 'c0000000-0000-0000-0000-000000000003', 'Checkup'),
  ('s0000000-0000-0000-0000-000000000012', 'c0000000-0000-0000-0000-000000000003', 'Cleaning'),
  ('s0000000-0000-0000-0000-000000000013', 'c0000000-0000-0000-0000-000000000003', 'Whitening'),
  ('s0000000-0000-0000-0000-000000000014', 'c0000000-0000-0000-0000-000000000003', 'Extraction'),
  ('s0000000-0000-0000-0000-000000000015', 'c0000000-0000-0000-0000-000000000003', 'Consultation')
ON CONFLICT (id) DO NOTHING;

-- 5. Patients (10 with Egyptian phone numbers)
INSERT INTO public.patients (id, name, phone) VALUES
  ('p0000000-0000-0000-0000-000000000001', 'Omar Youssef',   '+20 100 123 4567'),
  ('p0000000-0000-0000-0000-000000000002', 'Fatima Khalil',  '+20 101 234 5678'),
  ('p0000000-0000-0000-0000-000000000003', 'Hassan Mahmoud', '+20 102 345 6789'),
  ('p0000000-0000-0000-0000-000000000004', 'Amira Nasser',   '+20 103 456 7890'),
  ('p0000000-0000-0000-0000-000000000005', 'Tarek Saad',     '+20 104 567 8901'),
  ('p0000000-0000-0000-0000-000000000006', 'Nadia Farouk',   '+20 105 678 9012'),
  ('p0000000-0000-0000-0000-000000000007', 'Khaled Ibrahim', '+20 106 789 0123'),
  ('p0000000-0000-0000-0000-000000000008', 'Rania Ahmed',    '+20 107 890 1234'),
  ('p0000000-0000-0000-0000-000000000009', 'Mostafa Ali',    '+20 108 901 2345'),
  ('p0000000-0000-0000-0000-000000000010', 'Hana Essam',     '+20 109 012 3456')
ON CONFLICT (id) DO NOTHING;

-- 6. Appointments (15 across next 7 days from 2026-04-25)
INSERT INTO public.appointments
  (id, clinic_id, patient_id, doctor_id, service_id, appointment_date, appointment_time, status)
VALUES
  ('a0000000-0000-0000-0000-000000000001','c0000000-0000-0000-0000-000000000001','p0000000-0000-0000-0000-000000000001','d0000000-0000-0000-0000-000000000001','s0000000-0000-0000-0000-000000000001','2026-04-25','09:00','scheduled'),
  ('a0000000-0000-0000-0000-000000000002','c0000000-0000-0000-0000-000000000001','p0000000-0000-0000-0000-000000000002','d0000000-0000-0000-0000-000000000001','s0000000-0000-0000-0000-000000000002','2026-04-25','10:00','completed'),
  ('a0000000-0000-0000-0000-000000000003','c0000000-0000-0000-0000-000000000002','p0000000-0000-0000-0000-000000000003','d0000000-0000-0000-0000-000000000003','s0000000-0000-0000-0000-000000000006','2026-04-25','11:00','scheduled'),
  ('a0000000-0000-0000-0000-000000000004','c0000000-0000-0000-0000-000000000001','p0000000-0000-0000-0000-000000000004','d0000000-0000-0000-0000-000000000002','s0000000-0000-0000-0000-000000000003','2026-04-26','09:30','scheduled'),
  ('a0000000-0000-0000-0000-000000000005','c0000000-0000-0000-0000-000000000003','p0000000-0000-0000-0000-000000000005','d0000000-0000-0000-0000-000000000004','s0000000-0000-0000-0000-000000000011','2026-04-26','10:30','scheduled'),
  ('a0000000-0000-0000-0000-000000000006','c0000000-0000-0000-0000-000000000002','p0000000-0000-0000-0000-000000000006','d0000000-0000-0000-0000-000000000003','s0000000-0000-0000-0000-000000000007','2026-04-27','14:00','scheduled'),
  ('a0000000-0000-0000-0000-000000000007','c0000000-0000-0000-0000-000000000001','p0000000-0000-0000-0000-000000000007','d0000000-0000-0000-0000-000000000001','s0000000-0000-0000-0000-000000000004','2026-04-27','15:00','cancelled'),
  ('a0000000-0000-0000-0000-000000000008','c0000000-0000-0000-0000-000000000001','p0000000-0000-0000-0000-000000000008','d0000000-0000-0000-0000-000000000002','s0000000-0000-0000-0000-000000000005','2026-04-28','09:00','scheduled'),
  ('a0000000-0000-0000-0000-000000000009','c0000000-0000-0000-0000-000000000003','p0000000-0000-0000-0000-000000000009','d0000000-0000-0000-0000-000000000004','s0000000-0000-0000-0000-000000000013','2026-04-28','10:00','scheduled'),
  ('a0000000-0000-0000-0000-000000000010','c0000000-0000-0000-0000-000000000002','p0000000-0000-0000-0000-000000000010','d0000000-0000-0000-0000-000000000003','s0000000-0000-0000-0000-000000000010','2026-04-29','13:00','scheduled'),
  ('a0000000-0000-0000-0000-000000000011','c0000000-0000-0000-0000-000000000001','p0000000-0000-0000-0000-000000000001','d0000000-0000-0000-0000-000000000001','s0000000-0000-0000-0000-000000000002','2026-04-29','14:30','no_show'),
  ('a0000000-0000-0000-0000-000000000012','c0000000-0000-0000-0000-000000000003','p0000000-0000-0000-0000-000000000002','d0000000-0000-0000-0000-000000000004','s0000000-0000-0000-0000-000000000012','2026-04-30','09:00','scheduled'),
  ('a0000000-0000-0000-0000-000000000013','c0000000-0000-0000-0000-000000000001','p0000000-0000-0000-0000-000000000003','d0000000-0000-0000-0000-000000000002','s0000000-0000-0000-0000-000000000001','2026-04-30','11:00','scheduled'),
  ('a0000000-0000-0000-0000-000000000014','c0000000-0000-0000-0000-000000000002','p0000000-0000-0000-0000-000000000004','d0000000-0000-0000-0000-000000000003','s0000000-0000-0000-0000-000000000009','2026-05-01','10:00','scheduled'),
  ('a0000000-0000-0000-0000-000000000015','c0000000-0000-0000-0000-000000000001','p0000000-0000-0000-0000-000000000005','d0000000-0000-0000-0000-000000000001','s0000000-0000-0000-0000-000000000003','2026-05-01','14:00','scheduled')
ON CONFLICT (id) DO NOTHING;

-- 7. Messages
INSERT INTO public.messages (id, clinic_id, patient_phone, direction, body) VALUES
  ('m0000000-0000-0000-0000-000000000001','c0000000-0000-0000-0000-000000000001','+20 100 123 4567','inbound',  'I would like to book an appointment for next week.'),
  ('m0000000-0000-0000-0000-000000000002','c0000000-0000-0000-0000-000000000001','+20 100 123 4567','outbound', 'Hello! We have availability on Monday at 10am. Shall I confirm?'),
  ('m0000000-0000-0000-0000-000000000003','c0000000-0000-0000-0000-000000000002','+20 101 234 5678','inbound',  'Can I reschedule my appointment to Thursday?'),
  ('m0000000-0000-0000-0000-000000000004','c0000000-0000-0000-0000-000000000002','+20 101 234 5678','outbound', 'Of course! Thursday at 3pm works. We will send you a reminder.'),
  ('m0000000-0000-0000-0000-000000000005','c0000000-0000-0000-0000-000000000003','+20 102 345 6789','inbound',  'What are the clinic working hours?')
ON CONFLICT (id) DO NOTHING;

-- 8. Link admin@clinic.com as superadmin
INSERT INTO public.users (auth_id, role, email, clinic_id)
SELECT au.id, 'superadmin', 'admin@clinic.com', NULL
FROM auth.users au
WHERE au.email = 'admin@clinic.com'
ON CONFLICT (auth_id) DO UPDATE SET role = 'superadmin', email = EXCLUDED.email;
